ID_STA,ARRONDISSEMENT,BOROUGH,NBR_PLA,X,Y,JURIDICTION,EMPLACEMENT,LOCATION,HEURES,HOURS,NOTE_FR,NOTE_EN,TYPE_PAY
58,Ahunstic-Cartierville,Ahunstic-Cartierville,22,292433.00,5046689.31,Agence mobilité durable,Rue Fleury près de la rue Chambord (#335),Rue Fleury near Chambord St. (parking #335),21:00 à 07:00,9:00 pm to 7:00 am,"Sauf places réservées
Restriction de 21h à 7h","Except reserved spaces
Restriction from 9:00 pm to 7:00 am",0
91,Anjou,Anjou,20,298302.08,5051493.88,Municipale,Parc Lucie-Bruneau - 7051 av. de l'Alsace,Lucie-Bruneau Park - 7051 de l'Alsace Ave,06:00 à 18:00,6:00 am to 6:00 pm,,,0
92,Anjou,Anjou,20,299399.10,5051468.32,Municipale,Parc André-Laurendeau - 8361 av. André-Laurendeau (accès par le boul.du Haut-Anjou),André-Laurendeau Park - 8361 André-Laurendeau Ave (entrance by du Haut-Anjou Blvd),06:00 à 18:00,6:00 am to 6:00 pm,,,0
93,Anjou,Anjou,20,300250.57,5051329.90,Municipale,"Bureau d'arrondissement - 7701, boul.Louis-H.Lafontaine",City Hall - 7701 Louis-H.Lafontaine Blvd,06:00 à 18:00,6:00 am to 6:00 pm,,,0
94,Anjou,Anjou,20,301533.46,5051272.16,Municipale,"Aréna Chénier - 8200, av. Chénier",Chénier Arena - 8200 Chénier Ave,06:00 à 18:00,6:00 am to 6:00 pm,,,0
95,Anjou,Anjou,20,301198.05,5052359.10,Municipale,"Aréna Chaumont - 8750, av. Chaumont",Chaumont Arena - 8750 Chaumont Ave,06:00 à 18:00,6:00 am to 6:00 pm,,,0
96,Anjou,Anjou,20,300800.53,5052949.18,Municipale,"Édifice Roger-Rousseau - 7501, av. Rondeau",Roger-Rousseau building- 7501 Rondeau Ave,06:00 à 18:00,6:00 am to 6:00 pm,,,0
97,Anjou,Anjou,20,299856.59,5051834.30,Municipale,"Édifice Centre Communautaire Anjou - 7800, boul. Métropolitain Est",Centre Communautaire Anjou - 7800 Métropolitain Blvd East,06:00 à 18:00,6:00 am to 6:00 pm,,,0
157,Côte-des-Neiges–Notre-Dame-de-Grâce,Côte-des-Neiges–Notre-Dame-de-Grâce,30,293502.64,5039476.17,Municipale,"Aréna Bill-Durnan, 4988, rue Vézina",Bill-Durnan Arena - 4988 Vézina St,18:00 à 07:00,6:00 pm to 7:00 am,,,0
158,Côte-des-Neiges–Notre-Dame-de-Grâce,Côte-des-Neiges–Notre-Dame-de-Grâce,20,293997.88,5036859.85,Municipale,"Aréna Doug-Harvey, 4985, avenue West Hill",Doug-Harvey Arena - 4985 West Hill Ave,18:00 à 07:00,6:00 pm to 7:00 am,,,0
61,Lachine,Lachine,11,287917.00,5033177.06,Municipale,Parc Summerlea - Boul Saint-Joseph (entre 52e avenue et 54e avenue),Summerlea Park - St-Joseph Blvd (between 52th Ave and 54th Ave),24h,24h,,,0
62,Lachine,Lachine,40,289663.00,5032556.42,Municipale,Parc Saint-Louis - Boulevard Saint-Joseph (entre 32e avenue et 34e avenue),St-Louis Park - St-Joseph Blvd (between 32th Ave and 34th Ave),24h,24h,"Travaux de réfection du quai de la 34 en cours, terminaison en décembre 2024 selon la planification","Renovation work on Pier 34 is in progress, with completion scheduled for December 2024",0
63,Lachine,Lachine,18,289827.00,5032702.61,Municipale,"À l'est de la 32e av, entre la rue Notre-Dame et le boulevard Saint-Joseph",East of 32th Ave between Notre-Dame St. and Saint-Joseph Blvd,24h,24h,,,0
64,Lachine,Lachine,65,289884.00,5032614.15,Municipale,La maison du brasseur,La maison du brasseur,24h,24h,,,0
65,Lachine,Lachine,21,290046.00,5032684.31,Municipale,Boulevard Saint-Joseph (entre 27e avenue et 28e avenue),St-Joseph Blvd (between 27th Ave and 28th Ave),24h,24h,,,0
66,Lachine,Lachine,26,290244.00,5032688.50,Municipale,Parc des Saules,Des Saules Park,24h,24h,,,0
67,Lachine,Lachine,32,290405.00,5032573.36,Municipale,"Club de Canoë de Course, 2105, boulevard Saint-Joseph","Club de Canoë de Course, 2105 Saint-Joseph Blvd",24h,24h,,,0
68,Lachine,Lachine,19,290655.00,5032648.46,Municipale,Mairie - Boulevard Saint-Joseph (entre 18e avenue et 19e avenue),City Hall - St-Joseph Blvd (between 18th Ave and 19th Ave),24h,24h,,,0
69,Lachine,Lachine,48,290687.00,5032612.02,Municipale,Boulevard Saint-Joseph (entre 17e avenue et 18e avenue),Saint-Joseph Blvd (between 17th Ave and 18th Ave),24h,24h,,,0
70,Lachine,Lachine,47,291173.00,5032428.49,Municipale,Boulevard Saint-Joseph entre la 11e avenue et la 12e avenue,Saint-Joseph Blvd between 11th Ave and 12th Ave,24h,24h,,,0
71,Lachine,Lachine,142,291312.00,5032078.30,Municipale,Parc René-Lévesque,René-Lévesque Park,24h,24h,,,0
72,Lachine,Lachine,25,291789.00,5032184.53,Municipale,Musée Lachine,Lachine Museum,24h,24h,,,0
73,Lachine,Lachine,94,291723.00,5033130.34,Municipale,Rue Victoria entre la 6e avenue et la 1ère avenue,Victoria St between 6th Ave and 1st Ave,24h,24h,,,0
74,Lachine,Lachine,60,291516.00,5032899.48,Municipale,Rue Notre-Dame (entre 6e avenue et 7e avenue),Notre-Dame St between 6th Ave and 7th Ave,24h,24h,,,0
75,Lachine,Lachine,143,291393.00,5033051.40,Municipale,Rue Victoria et rue William-McDonald entre la 6e et la 10e avenue,Victoria St and William-McDonald St between 6th Ave and 10th Ave,24h,24h,,,0
76,Lachine,Lachine,110,290986.00,5032945.55,Municipale,Rue Victoria et rue William-MacDonald entre la 15e avenue et la 10e avenue,Victoria St and William-MacDonald St between 15th Ave and 10th Ave,24h,24h,,,0
77,Lachine,Lachine,85,290833.00,5032904.09,Municipale,Rue Victoria et rue William-MacDonald entre la 17e avenue et la 15e avenue,Victoria St and William-MacDonald St between 17th Ave and 15th Ave,24h,24h,,,0
78,Lachine,Lachine,55,291403.00,5032711.27,Municipale,Entre Rue Saint-Louis et rue Notre-Dame (entre 9e avenue et 8e avenue),Between St-Louis St and Notre-Dame St (between 9th Ave and 8th Ave),24h,24h,,,0
79,Lachine,Lachine,63,291258.00,5032726.71,Municipale,Entre Rue Saint-Louis et rue Notre-Dame (entre 11e avenue et 10e avenue),Between St-Louis St and Notre-Dame St (between 11th Ave and 10th Ave),24h,24h,,,0
81,Lachine,Lachine,52,291101.00,5032846.11,Municipale,Rue Notre-Dame (entre 13e avenue et 12e avenue),Notre-Dame St (between 13th Ave and 12th Ave),24h,24h,,,0
82,Lachine,Lachine,20,291180.00,5032838.18,Municipale,Rue Notre-Dame (entre 11e avenue et 12e avenue),Notre-Dame St (between 11th Ave and 12th Ave),24h,24h,,,0
83,Lachine,Lachine,51,290568.00,5033368.36,Municipale,Aréna Pierre Pete Morin,Pierre Pete Morin Arena,24h,24h,,,0
84,LaSalle,LaSalle,63,297520.00,5032138.51,Municipale,"Chevalier de Colomb - 7710, boulevard LaSalle",Chevalier de Colomb - 7710 LaSalle Blvd ,24h,24h,,,0
86,LaSalle,LaSalle,104,296216.31,5031154.33,Municipale,Parc Riverside (rue Raymond et rue Centrale),Riverside Park (Raymond  St and Centrale St),24h,24h,,,0
87,LaSalle,LaSalle,28,292301.00,5032647.99,Municipale,Parc Dollier-de Casson - (rue Beauchamps/rue St-Patrick),Dollier-de Casson Park - (Beauchamps St and St-Patrick St),24h,24h,,,0
89,LaSalle,LaSalle,192,295175.94,5030917.03,Municipale,"Aréna Jacques-Lemaire - 8681, boulevard Champlain",Jacques-Lemaire Arena - 8681 Champlain Blvd,24h,24h,,,0
90,LaSalle,LaSalle,42,297191.24,5032362.35,Municipale,"rue Centrale/4e avenue (derrière le #7648, rue Centrale)",Centrale St and 4e Ave (behind #7648 Centrale St),24h,24h,,,0
115,LaSalle,LaSalle,149,292122.00,5032097.02,Municipale,"Mairie d'arrondissement, 55, av. Dupras","City Hall, 55 Dupras Ave",24h,24h,,,0
171,LaSalle,LaSalle,110,295148.06,5031519.94,Municipale,"Bibliothèque L'Octogone - 1080, avenue Dollard ",L'Octogone library - 1080 Dollard Ave,21:00 à 10:00,9:00 pm to 10:00 am,,,0
44,Le Plateau-Mont-Royal,Le Plateau-Mont-Royal,113,299665.00,5042596.02,Agence mobilité durable,Rue Sherbrooke entre la rue Calixa-Lavallée et le Parc Lafontaine (#139),Sherbrooke St between Calixa-Lavallée St and Parc Lafontaine (#139),21:00 à 07:00,9:00 pm to 7:00 am,"Sauf places réservées
Restriction de 21h à 7h","Except reserved spaces
Restriction from 9:00 pm to 7:00 am",0
24,Le Sud-Ouest,Le Sud-Ouest,735,296781.00,5033939.02,Agence mobilité durable,"Parc Angrignon, sur le boul. des Trinitaires au nord du boul. De La Vérendrye à l'angle de la rue Lacroix (#243)","Angrignon Park, des Trinitaires Blvd, north of De La Vérendrye Blvd, corner of Lacroix St. (#243)",21:00 à 07:00,9:00 pm to 7:00 am,"Sauf places réservées
Restriction de 21h à 7h","Except reserved spaces
Restriction from 9:00 pm to 7:00 am",0
60,Le Sud-Ouest,Le Sud-Ouest,221,297352.35,5036323.34,Municipale,"Complexe Gadbois, accès rue Notre-Dame Ouest","Complexe Gadbois, entrance on Notre-Dame St. West",18:00 à 07:00,6:00 pm to 7:00 am,,,0
4,Mercier - Hochelaga-Maisonneuve,Mercier - Hochelaga-Maisonneuve,400,300900.00,5047006.02,Agence mobilité durable,"3000, rue Viau (P6). Planétarium Rio Tinto Alcan","3000, Viau St. (P6). Planétarium Rio Tinto Alcan",21:00 à 07:00,9:00 pm to 7:00 am,"Sauf places réservées
Restriction de 21h à 7h","Except reserved spaces
Restriction from 9:00 pm to 7:00 am",0
147,Mercier - Hochelaga-Maisonneuve,Mercier - Hochelaga-Maisonneuve,41,300756.97,5044587.48,Municipale,"Aréna Francis-Bouillon - 3175, rue de Rouen",Francis-Bouillon Arena - 3175 de Rouen St,21:00 à 08:00,9:00 pm to 8:00 am,"28 places situées sur le côté ont un maximum de 2 h, du lundi au vendredi entre 8 h et 16 h",28 spaces (on the side) have a maximum of 2 hours from Monday to Friday between 8:00 am to 4:00 pm,0
148,Mercier - Hochelaga-Maisonneuve,Mercier - Hochelaga-Maisonneuve,25,301876.75,5049185.15,Municipale,"Aréna Saint-Donat - 6750, rue de Marseille",Saint-Donat Arena - 6750 de Marseille St,21:00 à 08:00,9:00 pm to 8:00 am,Accès par l'avenue Parkville,Entrance by Parkville Ave,0
149,Mercier - Hochelaga-Maisonneuve,Mercier - Hochelaga-Maisonneuve,35,303554.41,5051319.10,Municipale,"Aréna Clément-Jetté - 8780, avenue Dubuisson",Clément-Jetté Arena - 8780 Dubuisson Ave,21:00 à 08:00,9:00 pm to 8:00 am,,,0
151,Mercier - Hochelaga-Maisonneuve,Mercier - Hochelaga-Maisonneuve,45,303594.03,5051319.88,Municipale,"Piscine Annie-Pelletier - 8850, avenue Dubuisson",Piscine Annie-Pelletier - 8850 Dubuisson Ave,21:00 à 08:00,9:00 pm to 8:00 am,,,0
152,Mercier - Hochelaga-Maisonneuve,Mercier - Hochelaga-Maisonneuve,2,301789.36,5045939.52,Municipale,"Bain Morgan - 1875, avenue Morgan",Bain Morgan - 1875 Morgan Ave,21:00 à 08:00,9:00 pm to 8:00 am,,,0
153,Mercier - Hochelaga-Maisonneuve,Mercier - Hochelaga-Maisonneuve,18,301227.98,5044734.39,Municipale,"Piscine Pierre-Lorange - 1870, rue Davidson",Piscine Pierre-Lorange - 1870 Davidson St,21:00 à 08:00,9:00 pm to 8:00 am,,,0
100,Montréal-Nord,Montréal-Nord,60,294068.15,5050460.59,Municipale,"Mairie d'arrondissement, 4243, rue de Charleroi","City Hall, 4243 de Charleroi St",19:00 à 07:00,7:00 pm to 7:00 am,,,0
101,Montréal-Nord,Montréal-Nord,18,294021.83,5050373.81,Municipale,"Rue de Charleroi (côté sud), entre l'avenue Saint-Julien et l'avenue Hébert","de Charleroi St (South side), between Saint-Julien Ave and Hébert Ave",19:00 à 07:00,7:00 pm to 7:00 am,,,0
102,Montréal-Nord,Montréal-Nord,130,293964.71,5050600.00,Municipale,"Stationnement Aréna Garon, 11212 rue Garon","Garon Arena parking lot, 11212 Garon St",19:00 à 07:00,7:00 pm to 7:00 am,,,0
103,Montréal-Nord,Montréal-Nord,18,294229.12,5051013.84,Municipale,"Parc Paul-Sauvé, entrée sur la rue de Bayonne","Paul-Sauvé Park, entrance by de Bayonne St",19:00 à 07:00,7:00 pm to 7:00 am,,,0
104,Montréal-Nord,Montréal-Nord,120,295210.21,5051332.65,Municipale,"Centre de loisirs de Montréal-Nord, 11121, avenue Salk","Centre de loisirs de Montréal-Nord, 11121 Salk Ave",19:00 à 07:00,7:00 pm to 7:00 am,,,0
105,Montréal-Nord,Montréal-Nord,59,295332.96,5052904.01,Municipale,"Maison culturelle et communautaire, 12004, boulevard Rolland (stat. arrière)","Maison culturelle et communautaire, 12004 Rolland Blvd (rear parking)",19:00 à 07:00,7:00 pm to 7:00 am,,,0
106,Montréal-Nord,Montréal-Nord,28,295053.38,5051634.52,Municipale,"Bibliothèque Henri-Bourassa, 5400 boulevard Henri-Bourassa Est","Henri-Bourassa library, 5400 Henri-Bourassa Blvd East",19:00 à 07:00,7:00 pm to 7:00 am,,,0
107,Montréal-Nord,Montréal-Nord,28,294117.30,5049224.14,Municipale,"Aréna Fleury, 3700 rue Fleury Est (stat. arrière)","Fleury Arena, 3700 Fleury St East (rear parking)",19:00 à 07:00,7:00 pm to 7:00 am,,,0
108,Montréal-Nord,Montréal-Nord,20,293887.94,5048744.76,Municipale,"Rue de Mont-Joli (côté nord), entre avenue Audoin et avenue Lausanne","de Mont-Joli St (North side), between Audoin Ave and Lausanne Ave",19:00 à 07:00,7:00 pm to 7:00 am,,,0
110,Montréal-Nord,Montréal-Nord,10,293678.17,5049112.62,Municipale,"Parc Ottawa, 10400, avenue de Belleville","Ottawa Park, 10400 de Belleville Ave",19:00 à 07:00,7:00 pm to 7:00 am,,,0
169,Montréal-Nord,Montréal-Nord,15,294088.78,5051487.66,Municipale,Av. Bellevois et boul. Léger (coin N/E),Bellevois Ave and Léger Blvd (N/E corner),19:00 à 07:00,7:00 pm to 7:00 am,,,0
6,Outremont,Outremont,10,296066.00,5042596.02,Municipale,Au sud de Van Horne entre Querbes et Épée (stat. nos 6 et 8),"South of Van Horne, between Querbes and Épée (parkings #6 and 8)",18:00 à 08:00,6:00 pm to 8:00 am,,,0
7,Outremont,Outremont,5,295917.00,5042529.02,Municipale,nord de Van Horne entre Champagneur et Bloomfield (stat. no 18),"North of Van Horne, between Champagneur and Bloomfield (parking # 18)",18:00 à 08:00,6:00 pm to 8:00 am,,,0
8,Outremont,Outremont,9,296348.00,5042413.01,Municipale,nord de Bernard entre Épée et Querbes (stat. no 7),"North of Bernard, between Épée and Querbes (parking #7)",18:00 à 08:00,6:00 pm to 8:00 am,,,0
9,Outremont,Outremont,13,296314.00,5042382.02,Municipale,nord de Bernard entre Bloomfield et Épée (stat. no 17),"North of Bernard, between Bloomfield and Épée (parking #17)",18:00 à 08:00,6:00 pm to 8:00 am,,,0
10,Outremont,Outremont,10,296282.00,5042299.01,Municipale,nord de Bernard entre Champagneur et Bloomfield (stat. no 10),"North of Bernard, between Champagneur and Bloomfield (parking #10)",18:00 à 08:00,6:00 pm to 8:00 am,,,0
11,Outremont,Outremont,12,296183.00,5042105.01,Municipale,nord de Bernard entre Wiseman et Outremont (stat. no 16),"North of Bernard, between Wiseman and Outremont (parking #16)",18:00 à 08:00,6:00 pm to 8:00 am,,,0
12,Outremont,Outremont,15,297242.00,5041977.02,Municipale,nord de Édouard-Charles entre Querbes et Hutchison (stat. no 12),"North of Édouard-Charles, between Querbes and Hutchison (parking #12)",18:00 à 08:00,6:00 pm to 8:00 am,,,0
13,Outremont,Outremont,8,297156.00,5042026.02,Municipale,nord de Laurier entre Querbes et Durocher (stat. no 14),"North of Laurier, between Querbes et Durocher (parking #14)",18:00 à 08:00,6:00 pm to 8:00 am,,,0
48,Outremont,Outremont,8,297177.00,5042059.02,Municipale,nord de l'avenue Laurier entre Durocher et Hutchison (stat. no 13),"north of Laurier ave, between Durocher and Hutchison (parking #13)",18:00 à 08:00,6:00 pm to 8:00 am,,,0
49,Outremont,Outremont,17,297104.00,5041966.02,Municipale,nord de l'avenue Laurier entre Querbes et Épée (stat. 15),north of Laurier ave between Querbes and Épée (parking #15),18:00 à 08:00,6:00 pm to 8:00 am,,,0
112,Rivière-des-Prairies-Pointe-aux-Trembles,Rivière-des-Prairies-Pointe-aux-Trembles,30,304739.49,5056895.94,Municipale,"Aréna Rodrigue-Gilbert, 1515, Boulevard du Tricentenaire",Rodrigue-Gilbert Arena – 1515 du Tricentenaire Blvd,19:00 à 07:00,7:00 pm to 7:00 am,,,0
113,Rivière-des-Prairies-Pointe-aux-Trembles,Rivière-des-Prairies-Pointe-aux-Trembles,12,298581.60,5056749.43,Municipale,"Centre aquatique de Rivière-des-Prairies-Pointe-aux-Trembles, 12515, boulevard Rodolphe-Forget","Centre aquatique de Rivière-des-Prairies-Pointe-aux-Trembles, 12515 Rodolphe-Forget Blvd",19:00 à 07:00,7:00 pm to 7:00 am,,,0
114,Rivière-des-Prairies-Pointe-aux-Trembles,Rivière-des-Prairies-Pointe-aux-Trembles,10,305197.86,5058730.97,Municipale,"Bibliothèque de Pointe-aux-Trembles, 14001, rue Notre-Dame Est","Pointe-aux-Trembles Library, 14001 Notre-Dame St East",19:00 à 07:00,7:00 pm to 7:00 am,,,0
164,Rivière-des-Prairies-Pointe-aux-Trembles,Rivière-des-Prairies-Pointe-aux-Trembles,30,299896.47,5058018.89,Municipale,"Parc Saint-Joseph
9909, 68e Avenue","Saint-Joseph Park
9909, 68th Ave.",19:00 à 07:00,7:00 pm to 7:00 am,,,0
156,Rivière-des-Prairies-Pointe-aux-Trembles,Rivière-des-Prairies-Pointe-aux-Trembles,11,305401.91,5055664.69,Municipale,Intersection du boul. Saint-Jean-Baptiste et rue Victoria,corner of Saint-Jean-Baptiste Blvd and Victoria St,19:00 à 7:00,7:00 pm to 7:00 am,,,0
25,Rosemont - La Petite-Patrie,Rosemont - La Petite-Patrie,31,296871.00,5044018.02,Agence mobilité durable,Rue Saint-André entre la rue Beaubien et la rue Bellechasse (#303),Saint-André St.  between Beaubien St. and Bellechasse St. (parking #303),21:00 à 07:00,9:00 pm to 7:00 am,"Sauf places réservées
Restriction de 21h à 7h","Except reserved spaces
Restriction from 9:00 pm to 7:00 am",0
27,Rosemont - La Petite-Patrie,Rosemont - La Petite-Patrie,27,298969.07,5045528.96,Agence mobilité durable,8e Avenue entre la rue Dandurand et la rue Masson (#75),8th Ave. between Dandurand St. and Masson St. (parking #75),21:00 à 07:00,9:00 pm to 7:00 am,"Sauf places réservées
Restriction de 21h à 7h","Except reserved spaces
Restriction from 9:00 pm to 7:00 am",0
28,Rosemont - La Petite-Patrie,Rosemont - La Petite-Patrie,100,296600.00,5044226.02,Agence mobilité durable,Rue Boyer entre la rue Beaubien et la rue Saint-Zotique (#24),Boyer St. between Beaubien St. and Saint-Zotique St. (parking #24),21:00 à 07:00,9:00 pm to 7:00 am,"Sauf places réservées
Restriction de 21h à 7h","Except reserved spaces
Restriction from 9:00 pm to 7:00 am",0
35,Rosemont - La Petite-Patrie,Rosemont - La Petite-Patrie,19,296976.00,5043948.02,Agence mobilité durable,"Rue Saint-André, entre la rue Beaubien Est et la rue Bellechasse (#302)",Saint-André St. between Beaubien St. E and Bellechasse St. (#302),21:00 à 07:00,9:00 pm to 7:00 am,"Sauf places réservées
Restriction de 21h à 7h","Except reserved spaces
Restriction from 9:00 pm to 7:00 am",0
39,Rosemont - La Petite-Patrie,Rosemont - La Petite-Patrie,326,300503.00,5046378.02,Agence mobilité durable,"4101, rue Sherbrooke Est (P1). Jardin botanique.","4101, Sherbrooke St. E (P1).  Jardin botanique.",21:00 à 07:00,9:00 pm to 7:00 am,"Sauf places réservées
Restriction de 21h à 7h","Except reserved spaces
Restriction from 9:00 pm to 7:00 am",0
166,Rosemont - La Petite-Patrie,Rosemont - La Petite-Patrie,265,300255.00,5046869.00,Agence mobilité durable,"4581, rue Sherbrooke Est (P2). Insectarium.","4581, Sherbrooke St. E (P2). Insectarium.",21:00 à 07:00,9:00 pm to 7:00 am,"Sauf places réservées
Restriction de 21h à 7h","Except reserved spaces
Restriction from 9:00 pm to 7:00 am",0
47,Rosemont - La Petite-Patrie,Rosemont - La Petite-Patrie,45,296053.00,5044554.02,Agence mobilité durable,Rue Saint-André entre la rue Jean-Talon et la rue Bélanger (#191),Saint-André St. between Jean-Talon St.  and Bélanger St. (#191),21:00 à 07:00,9:00 pm to 7:00 am,"Sauf places réservées
Restriction de 21h à 7h","Except reserved spaces
Restriction from 9:00 pm to 7:00 am",0
137,Saint-Laurent,Saint-Laurent,25,287091.29,5041962.69,Municipale,"Parc Noël-Nord, 3110, boulevard Toupin","Noël-Nord Park, 3110 Toupin Blvd",18:00 à 08:00,6:00 pm to 8:00 am,,,0
138,Saint-Laurent,Saint-Laurent,16,287002.00,5041748.04,Municipale,"Parc Noël-Sud, 3005, rue Matis","Noël-Sud Park, 3005 Matis St",18:00 à 08:00,6:00 pm to 8:00 am,,,0
139,Saint-Laurent,Saint-Laurent,11,290876.38,5042223.23,Municipale,"Parc Beaulac, 1145, rue Elizabeth","Beaulac Park, 1145 Elizabeth St",18:00 à 08:00,6:00 pm to 8:00 am,,,0
140,Saint-Laurent,Saint-Laurent,19,290299.17,5043119.58,Municipale,"Parc Saint-Laurent, 845, rue Poirier","Saint-Laurent Park, 845 Poirier St",18:00 à 08:00,6:00 pm to 8:00 am,,,0
141,Saint-Laurent,Saint-Laurent,180,289032.14,5040828.64,Municipale,"Complexe sportif, 2385, boulevard Thimens","Complexe sportif, 2385 Thimens Blvd",18:00 à 08:00,6:00 pm to 8:00 am,,,0
142,Saint-Laurent,Saint-Laurent,80,289952.60,5041582.64,Municipale,"Centre des loisirs, 1375, rue Grenet","Centre des loisirs, 1375 Grenet St",18:00 à 08:00,6:00 pm to 8:00 am,,,0
143,Saint-Laurent,Saint-Laurent,70,290549.77,5040859.65,Municipale,"Mairie d'arrondissement, 777, boulevard Marcel-Laurin","City Hall, 777 Marcel-Laurin Blvd",18:00 à 08:00,6:00 pm to 8:00 am,,,0
144,Saint-Laurent,Saint-Laurent,30,290544.55,5043196.19,Municipale,"1694, boulevard Jules-Poitras (terrain)",1694 Jules-Poitras Blvd (lot),24h,24h,,,0
14,Saint-Léonard,Saint-Léonard,40,298370.05,5050398.00,Municipale,"Rue Jarry (côté sud, à l'ouest du boul. Langelier)","Jarry St ( South side, West of Langelier Blvd)",18:00 à 07:00,6:00 pm to 7:00 am,,,0
15,Saint-Léonard,Saint-Léonard,84,297474.00,5049141.01,Municipale,Rue Jarry Est (côté nord) à l'ouest de la rue du Cap,"Jarry St (North side, West of Du Cap St)",18:00 à 07:00,6:00 pm to 7:00 am,,,0
16,Saint-Léonard,Saint-Léonard,32,298232.00,5048974.02,Municipale,"Parc Ladauversière, entrée par la rue de Lisieux","Ladauversière Park, entrance by De Lisieux St",18:00 à 07:00,6:00 pm to 7:00 am,,,0
18,Saint-Léonard,Saint-Léonard,100,297318.00,5049643.02,Municipale,"Parc Wilfrid-Bastien, entrée par le boul. Lacordaire entre des Galets et boul. Robert","Wilfrid-Bastien Park, entrance by Lacordaire Blvd between Des Galets and Robert",18:00 à 07:00,6:00 pm to 7:00 am,,,0
19,Saint-Léonard,Saint-Léonard,50,298268.72,5049105.88,Municipale,"Parc Ladauversière, 7560, boulevard Lacordaire","Ladauversière Park, 7560 Lacordaire Blvd",18:00 à 07:00,6:00 pm to 7:00 am,,,0
20,Saint-Léonard,Saint-Léonard,31,296476.21,5050002.10,Municipale,"Parc Pie-XII, entrée par le boulevard Lavoisier entre la rue Daillon et la rue Jean-Marie-Lefebvre","Pie-XII Park, entrance by Lavoisier Blvd, between Daillon St and Jean-Marie-Lefebvre St ",18:00 à 07:00,6:00 pm to 7:00 am,,,0
21,Saint-Léonard,Saint-Léonard,16,296223.69,5049286.04,Municipale,"Parc Coubertin, 4755, rue Valéry","Coubertin Park, 4755 Valéry St",18:00 à 07:00,6:00 pm to 7:00 am,,,0
22,Saint-Léonard,Saint-Léonard,9,298323.00,5049963.02,Municipale,"6025, boul. Métropolitain Est,  entre les rues de la Salette et Louis-Vanier","6025 Métropolitain Blvd East, between de la Salette St and Louis-Vanier St",18:00 à 07:00,6:00 pm to 7:00 am,,,0
23,Saint-Léonard,Saint-Léonard,91,298243.00,5049911.02,Municipale,Voirie des travaux publics - Intersection boul. Métropolitain Est et rue Louis-Vanier,"Public works office, corner of Métroplitain Blvd and Louis-Vanier St",18:00 à 07:00,6:00 pm to 7:00 am,,,0
33,Saint-Léonard,Saint-Léonard,134,297347.00,5048196.02,Municipale,Aréna Roberto-Luongo (entrée par le boul. Métropolitain et par la rue Colbert),Roberto-Luongo Arena (entrance by Métroplitain blvd. and Colbert St.),18:00 à 07:00,6:00 pm to 7:00 am,,,0
34,Saint-Léonard,Saint-Léonard,16,297025.85,5050748.54,Municipale,"Parc Ferland, 6020, boul. Lavoisier","Ferland Park, 6020, Lavoisier blvd.",18:00 à 07:00,6:00 pm to 7:00 am,,,0
40,Saint-Léonard,Saint-Léonard,45,297596.00,5049373.02,Municipale,"Maison Joseph-Gagnon, coin rue Jarry Est et boul. Lacordaire","Maison Jospeh-Gagnon, corner of Jarry St. E  and Lacordaire blvd.",18:00 à 07:00,6:00 pm to 7:00 am,,,0
41,Saint-Léonard,Saint-Léonard,32,298270.00,5049948.02,Municipale,"7800, rue de la Salette, entrée par le boul. Métropolitain Est","7800, rue de la Salette, entrance by Metropolitain blvd. E",18:00 à 07:00,6:00 pm to 7:00 am,,,0
50,Saint-Léonard,Saint-Léonard,47,299175.00,5049536.02,Municipale,"Parc Giuseppe-Garibaldi, 7125, rue Liénart","Giuseppe-Garibaldi Park, 7125  Liénart St",18:00 à 07:00,6:00 pm to 7:00 am,,,0
51,Saint-Léonard,Saint-Léonard,18,297620.00,5047993.02,Municipale,"Parc Hébert, 7505, boulevard Povencher","Hébert Park, 7505 Provencher Blvd.",18:00 à 07:00,6:00 pm to 7:00 am,,,0
52,Saint-Léonard,Saint-Léonard,619,297150.00,5049466.02,Municipale,"Mairie d'arrondissement, 8400, boul. Lacordaire (entrée par la rue des Galets)","City Hall, 8400, Lacordaire Blvd (entrance by Galets St.)",18:00 à 07:00,6:00 pm to 7:00 am,,,0
53,Saint-Léonard,Saint-Léonard,12,296671.00,5048795.02,Municipale,"Parc Luigi-Pirendello, 4550, rue de Compiègne","Luigi-Pirendello Park, 4550 Compiègne St. ",18:00 à 07:00,6:00 pm to 7:00 am,,,0
162,Saint-Léonard,Saint-Léonard,14,297030.93,5048862.59,Municipale,"Rue Arthur-Péloquin, au coin de la rue Jean-Rivard","Arthur-Péloquin St., near Jean-Rivard St.",18:00 à 07:00,6:00 pm to 7:00 am,,,0
118,Verdun,Verdun,30,299960.44,5036274.69,Agence mobilité durable,"Chalet du parc Arthur-Therrien, 3750, boulevard Gaétan-Laberge (AMD # 502)","Park chalet at Arthur-Therrien Park, 3750 Gaétan-Laberge Blvd",21:00 à 07:00,9:00 pm to 7:00 am,"Sauf places réservées
Restriction de 21h à 7h","Except reserved spaces
Restriction from 9:00 pm to 7:00 am",0
119,Verdun,Verdun,104,299870.83,5035224.51,Agence mobilité durable,"Parc Richard, boulevard LaSalle, entrée située entre la 2e et la 3e avenues (AMD #503)","Richard Park, LaSalle Blvd, entrance between 2th Ave and 3th Ave",21:00 à 07:00,9:00 pm to 7:00 am,"Sauf places réservées
Restriction de 21h à 7h","Except reserved spaces
Restriction from 9:00 pm to 7:00 am",0
120,Verdun,Verdun,100,299673.85,5034875.96,Municipale,"Quai, 5160, boulevard LaSalle","Quai, 5160 LaSalle Blvd",en tout temps-max 4h,at all time – max 4h,en tout temps-max 4h,at all time – max 4h,0
121,Verdun,Verdun,41,299765.22,5034946.85,Municipale,"Parc Desmarchais, 5160, boulevard LaSalle","Desmarchais Park, 5160 LaSalle Blvd",18:00 à 09:00,6:00 pm to 9:00 am,,,0
122,Verdun,Verdun,22,299874.77,5035414.45,Agence mobilité durable,"boulevard LaSalle, à l'est de la 1ere avenue - côté sud (AMD #508)",LaSalle Blvd East of 1st Ave – South side,21:00 à 07:00,9:00 pm to 7:00 am,"Sauf places réservées
Restriction de 21h à 7h","Except reserved spaces
Restriction from 9:00 pm to 7:00 am",0
123,Verdun,Verdun,22,299617.84,5036503.23,Municipale,passage Albert-Denault,Albert-Denault pass,en tout temps-max 24h,at all time – max 24h,en tout temps-max 24h,at all time – max 24h,0
124,Verdun,Verdun,5,298668.54,5034276.48,Municipale,"Bibliothèque Jacqueline-De Repentigny (stat. à l'arrière, sur l'ave Brown)",Jacqueline-De Repentigny Library (rear parking entrance by Brown Ave),17:00 à 08:00,5:00 pm to 8:00 am,,,0
127,Verdun,Verdun,29,299358.29,5035518.32,Municipale,"Rue Willibrord (côté nord), entre la rue de Verdun et la rue Wellington","Willibrord St (North side), between Verdun St and Wellington St",en tout temps-max 8h,at all time – max 8h,,,0
126,Verdun,Verdun,61,300041.73,5036620.59,Municipale,Parc Arthur-Therrien - derrière l'école secondaire Mgr.-Richard,Arthur-Therrien Park – behind Mgr. Richard High School,15:00 à 07:00,3:00 pm to 7:00 am,,,0
129,Verdun,Verdun,34,298777.96,5035495.74,Municipale,"Centre communautaire Marcel-Giroux, 4501, ave Bannantyne (accès par la rue Willibrord)","Centre communautaire Marcel-Giroux, 4501 Bannantyne Ave (entrance by Willibrord St)",18:00 à 08:00,6:00 pm to 8:00 am,,,0
128,Verdun,Verdun,39,301363.43,5035951.80,Municipale,"Parc De La Fontaine, accès par la Place de la Fontaine","De La Fontaine Park, entrance by Place de la Fontaine",en tout temps-max 24h,at all time – max 24h,en tout temps-max 24h,at all time – max 24,0
117,Verdun,Verdun,53,301150.66,5035231.12,Municipale,"Rue Elgar, près du #260","Elgar St, near #260",18:00 à 08:00,6:00 pm to 8:00 am,3h maximum entre 8h-18h,Maximum of 3h between 8 am and 6 pm,0
45,Ville-Marie,Ville-Marie,36,299910.00,5039651.02,Agence mobilité durable,Rue Notre-Dame entre la rue De l'Inspecteur et la rue De la Cathédrale (AMD #207),Notre-Dame St. between De l'Inspecteur St and De la Cathédrale St. (#207),21:00 à 07:00,9:00 pm to 7:00 am,"Sauf places réservées
Restriction de 21h à 7h","Except reserved spaces
Restriction from 9:00 pm to 7:00 am",0
133,Villeray-Saint-Michel-Parc-Extension,Villeray-Saint-Michel-Parc-Extension,100,296521.78,5047234.12,Municipale,"Aréna Saint-Michel, 3440, rue Jarry Est (stat. arrière)","Saint-Michel Arena, 3440 Jarry St East (rear parking)",18:00 à 07:00,6:00 pm to 7:00 am,,,0
134,Villeray-Saint-Michel-Parc-Extension,Villeray-Saint-Michel-Parc-Extension,75,295246.36,5045419.25,Municipale,"Centre sportif Jean-Rougeau, 8000 rue de Normanville","Centre sportif Jean-Rougeau, 8000 de Normanville St",18:00 à 07:00,6:00 pm to 7:00 am,,,0
154,Villeray-Saint-Michel-Parc-Extension,Villeray-Saint-Michel-Parc-Extension,100,294519.63,5044012.55,Municipale,Parc Jarry - coin de l'avenue de l'Esplanade et la rue Jarry Ouest,Jarry Park-  de l'Esplanade Ave and Jarry St West,18:00 à 07:00,6:00 pm to 7:00 am,,,0
170,Villeray-Saint-Michel-Parc-Extension,Villeray-Saint-Michel-Parc-Extension,25,293566.38,5043804.03,Municipale,Arena Howie Morentz,8618 rue de l'Epée,18:00 à 07:00,6:00 pm to 7:00 am,,,0
167,Villeray-Saint-Michel-Parc-Extension,Villeray-Saint-Michel-Parc-Extension,20,295584.79,5047057.78,Municipale,parc Julie-Hamelin - 40 rue Deville,Julie-Hamelin Park – 40 Deville St.,18:00 à 07:00,6:00 pm to 7:00 am,,,0
172,Rivière-des-Prairies-Pointe-aux-Trembles,Rivière-des-Prairies-Pointe-aux-Trembles,19,296894.90,5054574.00,Municipale,"7521, avenue André-Ampère - piscine du parc Hans-Selye","Parc Hans-Selye outdoor swimming pool, 7521 Avenue André-Ampère",24h,24h,,,0
